89.75,70.5,2.302,1.1442,2423.41,1602.53,3441.88
91.5,68.75,2.302,1.1423,2429.01,1627.41,3491.81
87.25,66.75,2.302,1.1371,2429.01,1621.67,3479.47
91.75,65.0,2.334,1.136,2432.54,1627.21,3478.41
92.75,71.5,2.37,1.1347,2409.75,1620.99,3462.06
91.0,70.0,2.393,1.1425,2425.18,1617.0,3463.84
92.0,70.75,2.371,1.1404,2427.43,1624.81,3478.06
99.5,68.75,2.362,1.1404,2425.53,1621.57,3464.48
103.25,68.0,2.327,1.1474,2443.25,1650.59,3515.23
105.0,68.0,2.348,1.1419,2447.83,1642.49,3527.83
104.5,68.5,2.319,1.1404,2459.27,1646.83,3525.94
103.5,68.5,2.309,1.1475,2459.14,1639.33,3516.35
98.5,66.5,2.263,1.1474,2460.61,1607.36,3478.68
99.25,66.5,2.268,1.155,2473.83,1609.96,3500.28
99.0,65.5,2.266,1.1528,2473.45,1597.84,3499.49
94.0,65.0,2.232,1.1629,2472.54,1581.37,3451.71
90.5,63.5,2.254,1.1682,2469.91,1566.88,3453.17
91.25,63.0,2.326,1.1639,2477.13,1568.91,3473.54
91.25,63.5,2.282,1.1645,2477.83,1580.22,3491.19
91.5,72.0,2.31,1.1728,2475.42,1570.48,3493.14
91.5,72.0,2.289,1.1689,2472.1,1557.56,3467.73
95.0,71.5,2.292,1.1747,2470.3,1548.19,3449.36
95.75,70.0,2.251,1.1824,2476.35,1566.31,3449.36
93.5,72.0,2.262,1.1811,2477.57,1563.2,3459.32
93.5,71.5,2.228,1.1851,2472.16,1559.66,3466.37
95.0,71.25,2.267,1.1885,2476.83,1573.47,3507.41
95.0,68.75,2.257,1.1778,2480.91,1575.47,3505.8
95.25,66.75,2.283,1.1801,2474.92,1581.32,3515.63
94.25,67.0,2.241,1.1755,2474.02,1571.2,3468.45
94.0,68.0,2.212,1.1762,2438.21,1554.75,3433.54
93.25,67.25,2.189,1.177,2441.32,1538.96,3406.34
92.25,69.75,2.219,1.1826,2465.84,1554.58,3450.66
93.5,69.0,2.266,1.1776,2464.61,1543.37,3461.91
95.0,68.75,2.226,1.1741,2468.11,1552.16,3484.57
94.25,68.5,2.199,1.1774,2430.01,1540.09,3461.97
92.0,68.25,2.194,1.1716,2425.55,1532.12,3446.03
90.5,69.0,2.18,1.1756,2428.37,1524.25,3423.53
91.0,70.5,2.215,1.1812,2452.51,1543.76,3455.59
90.0,69.5,2.171,1.1762,2444.04,1542.14,3438.63
93.5,69.5,2.194,1.1817,2438.97,1537.99,3444.73
93.0,69.5,2.169,1.1802,2443.05,1540.82,3438.55
96.5,70.0,2.159,1.1952,2444.24,1536.88,3421.03
92.0,69.5,2.136,1.1964,2446.3,1520.9,3388.22
93.5,69.75,2.143,1.197,2457.59,1535.96,3403.71
94.0,70.25,2.121,1.1893,2471.65,1546.86,3421.47
92.25,69.75,2.157,1.191,2476.55,1558.79,3443.88
90.25,69.25,2.157,1.1883,2476.55,1551.89,3430.42
88.75,69.5,2.07,1.1893,2457.85,1546.99,3420.86
87.25,69.5,2.108,1.1924,2465.54,1541.27,3433.8
85.25,72.25,2.061,1.1928,2465.1,1553.02,3447.66
84.0,73.75,2.061,1.2029,2461.43,1552.32,3447.69
84.5,74.0,2.125,1.2018,2488.11,1572.16,3495.19
87.5,73.75,2.171,1.1959,2496.48,1580.13,3512.56
88.5,73.5,2.195,1.1975,2498.37,1580.04,3523.14
88.0,73.75,2.197,1.1891,2495.62,1587.52,3526.48
87.0,72.25,2.202,1.1922,2500.23,1578.87,3515.55
85.5,72.5,2.229,1.1937,2503.87,1582.78,3526.74
84.5,74.5,2.243,1.1959,2506.65,1584.43,3531.18
82.0,74.5,2.277,1.1993,2508.24,1585.38,3525.55
84.75,72.0,2.278,1.1872,2500.6,1596.31,3539.59
85.0,71.75,2.262,1.1946,2502.22,1600.77,3541.42
84.75,70.25,2.22,1.1927,2496.66,1604.1,3537.81
84.75,71.25,2.229,1.1856,2496.84,1610.76,3536.38
83.0,69.75,2.309,1.1786,2507.04,1623.77,3555.17
83.0,69.75,2.309,1.175,2510.06,1624.98,3563.64
84.5,69.5,2.326,1.1782,2519.36,1637.82,3594.85
85.0,68.0,2.337,1.1807,2529.12,1640.65,3602.69
86.25,67.5,2.334,1.1734,2534.58,1649.18,3605.73
85.5,67.25,2.33,1.1748,2537.74,1651.09,3594.91
85.75,70.25,2.35,1.1757,2552.07,1653.15,3613.54
88.0,70.0,2.37,1.1712,2549.33,1646.28,3603.32
91.75,69.5,2.361,1.1742,2544.73,1647.92,3610.5
92.5,70.75,2.345,1.1742,2550.64,1644.34,3598.79
94.0,70.0,2.345,1.1815,2555.24,1641.7,3607.39
94.0,70.75,2.323,1.1865,2550.93,1644.65,3605.54
100.0,70.75,2.28,1.1832,2553.17,1642.49,3604.55
99.25,69.0,2.307,1.1814,2557.64,1638.33,3606.27
99.5,68.5,2.298,1.1795,2559.36,1636.94,3607.77
97.75,69.25,2.339,1.1772,2561.26,1644.73,3619.65
100.5,70.0,2.321,1.1795,2562.1,1646.96,3602.08
102.5,69.5,2.381,1.1848,2575.21,1667.5,3605.09
113.0,70.25,2.376,1.1754,2564.98,1661.54,3608.87
112.5,70.0,2.406,1.1759,2569.13,1650.47,3610.69
116.25,71.0,2.444,1.1759,2557.15,1649.74,3591.46
110.5,70.75,2.452,1.1821,2560.4,1658.79,3637.2
114.0,71.75,2.428,1.1637,2581.07,1665.02,3652.23
122.25,72.0,2.37,1.1605,2572.83,1662.32,3662.18
118.75,71.5,2.376,1.1653,2575.26,1671.63,3673.95
120.5,72.0,2.376,1.1652,2579.36,1672.03,3697.4
122.0,72.0,2.347,1.1629,2579.85,1672.78,3688.8
125.75,72.0,2.343,1.1662,2587.84,1677.65,3689.96
121.5,71.5,2.32,1.1615,2591.13,1676.14,3682.36
119.25,70.25,2.307,1.1613,2590.64,1670.24,3658.77
122.0,69.75,2.325,1.1601,2594.38,1662.99,3655.04
119.0,68.5,2.331,1.1597,2584.62,1643.26,3612.5
121.25,70.0,2.4,1.1647,2582.3,1634.68,3593.76
119.0,69.5,2.4,1.1661,2584.84,1630.51,3574.52
133.25,69.75,2.381,1.1665,2578.87,1628.48,3556.38
127.25,68.0,2.335,1.1793,2564.62,1627.0,3545.72
129.0,70.0,2.361,1.1793,2585.64,1633.66,3564.8
134.75,70.0,2.354,1.1777,2578.85,1617.7,3547.46
132.75,70.5,2.372,1.1732,2582.14,1623.54,3561.41
142.0,70.5,2.363,1.1741,2599.03,1636.65,3579.32
150.0,71.0,2.322,1.1737,2597.08,1617.52,3562.65
148.25,72.0,2.322,1.1815,2597.08,1612.57,3572.07
150.0,70.5,2.322,1.1854,2602.42,1614.62,3581.23
146.5,69.5,2.328,1.1926,2601.42,1608.74,3564.02
152.0,70.0,2.338,1.1905,2627.04,1620.81,3583.49
146.5,69.0,2.376,1.1848,2626.07,1613.56,3589.91
148.5,70.0,2.417,1.1852,2647.58,1610.11,3569.93
146.0,69.0,2.362,1.1898,2642.22,1592.2,3527.55
149.75,70.5,2.379,1.186,2639.44,1616.8,3576.22
143.0,69.5,2.356,1.1868,2629.57,1613.36,3570.57
137.0,69.0,2.33,1.1833,2629.27,1595.44,3561.57
182.5,69.0,2.376,1.1804,2636.98,1599.29,3573.13
176.5,69.0,2.383,1.1772,2651.5,1610.82,3591.45
189.5,70.0,2.385,1.177,2659.99,1619.47,3582.21
186.5,69.5,2.403,1.1778,2664.11,1623.75,3600.35
185.0,69.0,2.349,1.1743,2662.85,1619.82,3581.75
186.0,68.0,2.346,1.1836,2652.01,1609.6,3556.22
184.5,66.0,2.355,1.1775,2675.81,1594.35,3560.53
196.0,66.0,2.392,1.1744,2690.16,1615.63,3609.42
195.5,64.5,2.463,1.1784,2681.47,1611.43,3582.22
199.0,66.0,2.497,1.1841,2679.25,1600.29,3552.65
195.0,68.5,2.481,1.1878,2684.57,1616.27,3570.78
192.0,67.5,2.485,1.1857,2683.34,1606.25,3553.39
190.0,68.5,2.414,1.1858,2682.62,1594.99,3550.17
182.5,68.5,2.432,1.1901,2687.54,1588.51,3524.31
191.0,67.5,2.405,1.1942,2673.61,1576.94,3503.96
188.6,68.5,2.465,1.2012,2695.81,1579.82,3503.96
186.6,69.9,2.447,1.2063,2713.06,1587.56,3509.88
190.0,70.0,2.453,1.201,2723.99,1603.67,3568.88
189.8,70.9,2.476,1.2069,2743.15,1611.31,3607.63
184.6,70.7,2.48,1.2037,2747.71,1619.13,3616.45
178.8,70.1,2.546,1.197,2751.29,1632.29,3622.87
187.0,69.8,2.55,1.1929,2748.23,1629.29,3609.83
180.2,68.6,2.531,1.1956,2767.56,1630.29,3595.24
181.0,68.5,2.552,1.2042,2786.24,1628.4,3612.61
179.4,68.7,2.552,1.2192,2786.24,1627.29,3611.81
179.6,68.5,2.544,1.2268,2776.42,1623.33,3622.01
178.8,68.5,2.578,1.2271,2802.56,1622.85,3612.78
180.8,69.5,2.611,1.2184,2798.03,1624.78,3620.91
182.8,70.6,2.637,1.2237,2810.3,1630.62,3649.07
182.0,71.7,2.665,1.2256,2832.97,1635.47,3665.28
179.2,77.0,2.624,1.2256,2839.13,1643.71,3672.29
177.4,78.6,2.654,1.231,2837.54,1631.2,3643.22
176.6,77.5,2.621,1.2391,2839.25,1604.49,3630.15
175.8,76.6,2.662,1.2392,2872.87,1612.63,3647.41
174.0,78.0,2.699,1.2428,2853.53,1610.4,3643.04
171.8,76.7,2.726,1.2381,2822.43,1603.31,3606.75
173.4,74.0,2.72,1.241,2823.81,1593.15,3609.29
172.2,75.3,2.773,1.2419,2821.98,1601.84,3577.35
168.2,75.5,2.854,1.251,2762.13,1584.79,3523.28
166.0,72.5,2.794,1.2447,2648.94,1546.33,3478.77
161.0,71.4,2.768,1.2368,2695.14,1511.6,3394.92
167.2,71.4,2.844,1.2381,2681.66,1551.15,3454.52
157.4,70.3,2.851,1.2268,2581.0,1519.77,3377.3
152.8,69.0,2.829,1.2261,2619.55,1500.18,3325.99
153.0,69.1,2.857,1.2253,2656.0,1521.62,3368.25
151.0,67.4,2.84,1.2304,2662.94,1513.27,3340.93
161.0,68.7,2.913,1.2354,2698.63,1532.15,3369.83
172.8,68.8,2.891,1.2467,2731.2,1542.72,3389.63
174.2,68.5,2.877,1.2504,2732.22,1556.93,3426.8
171.0,69.3,2.877,1.2412,2732.22,1550.86,3407.79
168.6,69.1,2.893,1.2399,2716.26,1569.68,3435.08
169.2,68.9,2.943,1.2335,2701.33,1575.12,3430.16
165.8,69.0,2.917,1.2282,2703.96,1573.88,3431.99
162.8,71.0,2.871,1.2327,2747.3,1577.11,3441.46
161.2,73.0,2.859,1.2287,2779.6,1586.96,3463.18
160.4,74.8,2.908,1.2316,2744.28,1588.23,3458.03
156.8,74.9,2.868,1.223,2713.83,1583.39,3438.96
151.0,74.5,2.804,1.2191,2677.67,1560.56,3399.16
154.0,73.0,2.857,1.2271,2691.25,1526.46,3324.75
153.2,77.5,2.881,1.2315,2720.94,1547.94,3355.32
159.0,76.8,2.877,1.2337,2728.12,1559.94,3357.86
156.8,77.0,2.883,1.2417,2726.8,1564.19,3377.36
155.0,78.5,2.866,1.2415,2738.97,1585.53,3413.28
159.4,81.3,2.894,1.2307,2786.57,1589.62,3420.54
166.2,83.5,2.87,1.2309,2783.02,1593.83,3429.48
160.4,88.5,2.848,1.234,2765.31,1578.15,3397.35
168.6,86.8,2.817,1.2392,2749.48,1585.31,3390.98
178.0,88.0,2.826,1.2376,2747.33,1592.28,3414.13
181.8,87.4,2.848,1.2309,2752.01,1573.48,3437.4
187.2,85.2,2.845,1.2281,2712.92,1547.41,3394.79
184.0,86.0,2.879,1.2337,2716.94,1551.97,3412.08
179.2,85.0,2.907,1.2252,2711.93,1549.7,3401.04
175.0,83.5,2.832,1.2348,2643.69,1515.84,3348.19
181.2,82.0,2.83,1.2325,2588.26,1513.18,3298.07
177.2,82.5,2.843,1.2354,2658.55,1496.59,3278.72
175.0,84.6,2.786,1.2457,2612.62,1510.11,3316.95
172.0,85.5,2.775,1.2408,2605.0,1512.13,3331.25
173.0,88.7,2.741,1.231,2640.87,1535.35,3361.5
169.6,94.0,2.784,1.2293,2614.45,1508.8,3346.93
166.0,97.4,2.788,1.2279,2644.69,1494.65,3340.35
173.0,97.5,2.832,1.2287,2662.84,1527.22,3429.95
178.6,96.0,2.775,1.2252,2604.47,1511.37,3408.1
178.6,97.8,2.786,1.2271,2613.16,1511.32,3414.85
179.0,97.0,2.797,1.2322,2656.87,1526.76,3438.78
180.0,95.8,2.79,1.2363,2642.19,1504.71,3419.71
180.6,93.2,2.834,1.2372,2663.99,1518.88,3443.97
176.4,92.9,2.829,1.233,2656.3,1526.66,3448.0
177.0,98.0,2.832,1.2333,2677.84,1526.27,3441.04
179.0,99.6,2.814,1.2385,2706.39,1545.16,3477.91
184.8,99.9,2.867,1.2373,2708.64,1552.48,3490.89
194.4,106.2,2.914,1.2379,2693.13,1558.23,3486.6
196.2,107.8,2.951,1.2346,2670.14,1572.58,3494.2
200.0,110.0,2.973,1.2273,2670.29,1587.65,3513.06
208.0,108.8,2.983,1.2209,2634.56,1575.4,3510.88
200.0,109.8,3.024,1.2241,2639.4,1557.29,3485.83
200.0,109.0,2.99,1.2172,2666.94,1573.76,3506.03
200.5,108.0,2.957,1.211,2669.91,1580.78,3518.78
203.0,108.4,2.936,1.2123,2648.05,1570.71,3536.52
198.0,108.0,2.964,1.1992,2635.67,1590.97,3553.79
191.6,108.8,2.946,1.1951,2629.73,1566.96,3529.12
193.0,109.4,2.944,1.1989,2663.42,1577.08,3550.59
192.0,114.4,2.95,1.1955,2672.63,1597.93,3564.19
191.6,120.4,2.969,1.1934,2671.92,1608.94,3557.88
189.8,121.6,3.004,1.1868,2697.79,1616.8,3569.74
199.0,117.0,2.971,1.1918,2727.72,1603.25,3565.52
204.0,112.0,2.995,1.1952,2730.13,1598.58,3565.74
208.0,113.8,3.08,1.1931,2711.45,1606.72,3564.29
214.5,109.8,3.095,1.1821,2722.46,1602.27,3562.85
224.5,108.8,3.109,1.1817,2720.13,1618.95,3592.18
239.0,112.6,3.067,1.1795,2712.97,1621.61,3573.76
242.0,112.6,3.065,1.1767,2733.01,1626.25,3573.76
237.0,119.0,3.065,1.1792,2724.44,1624.44,3587.25
244.5,117.4,3.003,1.1789,2733.29,1602.1,3541.82
236.0,116.4,2.981,1.171,2727.76,1593.57,3521.76
253.0,119.0,2.931,1.1723,2721.33,1586.98,3515.36
247.0,119.6,2.931,1.1689,2721.33,1581.52,3482.64
260.0,125.0,2.768,1.1627,2689.86,1572.3,3428.14
273.0,128.4,2.842,1.1539,2724.01,1562.54,3441.19
262.0,134.8,2.822,1.1667,2705.27,1549.94,3406.65
253.0,137.8,2.895,1.1693,2734.62,1569.51,3453.54
243.5,144.4,2.937,1.1669,2746.87,1564.73,3469.57
238.5,139.0,2.919,1.1701,2748.8,1559.05,3456.79
238.5,139.0,2.975,1.1726,2772.35,1559.05,3460.82
227.0,136.6,2.933,1.1786,2770.37,1555.65,3459.77
240.0,133.8,2.937,1.1795,2779.03,1555.87,3447.3
239.0,134.0,2.957,1.1784,2782.0,1571.18,3480.22
240.5,133.0,2.957,1.1774,2786.85,1572.27,3475.58
236.0,134.0,2.977,1.1748,2775.63,1571.07,3479.56
238.5,134.0,2.946,1.1808,2782.49,1588.0,3527.11
260.0,141.0,2.924,1.1567,2779.66,1570.43,3505.02
249.0,132.0,2.926,1.1596,2773.75,1561.65,3466.65
245.5,132.0,2.893,1.1631,2762.59,1564.87,3435.3
244.0,131.0,2.928,1.1589,2767.32,1572.29,3439.6
250.5,128.4,2.897,1.1579,2749.76,1549.55,3403.51
250.5,128.4,2.9,1.1606,2754.88,1549.55,3441.6
240.5,123.0,2.875,1.1661,2717.07,1534.65,3369.21
236.0,120.6,2.88,1.1703,2723.06,1529.23,3368.72
231.5,130.0,2.827,1.165,2699.63,1540.88,3397.13
220.0,125.8,2.847,1.1564,2716.31,1531.66,3365.52
220.5,128.6,2.849,1.1563,2718.37,1558.88,3395.6
214.5,129.8,2.866,1.1679,2726.71,1540.86,3372.21
220.5,130.6,2.866,1.1642,2713.22,1538.4,3406.34
224.0,132.0,2.866,1.1659,2713.22,1522.34,3412.03
237.0,139.0,2.84,1.1662,2736.61,1526.6,3440.92
233.5,145.0,2.831,1.1696,2759.82,1524.17,3448.49
217.5,158.8,2.86,1.1752,2784.17,1541.06,3460.44
221.0,155.0,2.873,1.1757,2793.84,1548.38,3473.31
223.0,148.0,2.842,1.1727,2774.02,1526.29,3422.35
228.0,147.0,2.853,1.1677,2798.29,1541.52,3445.49
224.0,142.0,2.831,1.1666,2801.31,1550.88,3454.54
218.0,141.8,2.858,1.1679,2798.43,1552.75,3449.08
219.0,143.0,2.864,1.1709,2809.55,1556.61,3457.5
222.0,144.0,2.875,1.1653,2815.62,1570.42,3485.08
220.0,144.0,2.847,1.1646,2804.49,1584.34,3471.64
214.5,144.0,2.895,1.1655,2801.83,1579.4,3460.03
222.0,143.4,2.965,1.1742,2806.98,1580.5,3454.05
217.5,141.2,2.949,1.1694,2820.4,1601.38,3483.31
223.0,141.0,2.936,1.1686,2846.07,1593.27,3468.45
218.5,146.4,2.975,1.1738,2837.44,1608.8,3509.26
224.0,148.8,2.96,1.1643,2818.82,1612.76,3527.18
218.0,149.0,2.975,1.166,2802.6,1611.07,3512.31
220.0,144.8,2.964,1.1707,2816.29,1615.6,3525.49
214.5,147.0,3.003,1.169,2813.36,1612.54,3525.49
218.5,143.0,2.986,1.1666,2827.22,1598.06,3469.21
217.5,145.8,2.953,1.1586,2840.35,1611.95,3482.4
212.0,142.0,2.938,1.1562,2850.4,1608.48,3483.3
218.5,137.0,2.973,1.1558,2858.45,1619.89,3504.37
227.0,136.4,2.971,1.1603,2857.7,1622.63,3493.6
231.0,137.0,2.935,1.1611,2853.58,1631.23,3494.13
227.0,133.0,2.857,1.1524,2833.28,1616.82,3426.28
220.5,137.8,2.877,1.1395,2821.93,1611.8,3409.68
220.0,137.0,2.895,1.1403,2839.96,1608.56,3409.44
223.5,139.0,2.852,1.1346,2818.37,1593.59,3359.08
237.5,137.8,2.871,1.1344,2840.69,1611.33,3377.56
234.5,140.6,2.873,1.1371,2850.13,1622.71,3372.94
236.5,137.6,2.823,1.1438,2857.05,1630.92,3393.67
239.0,136.0,2.844,1.1491,2862.96,1637.6,3411.66
228.0,132.4,2.823,1.1577,2861.82,1643.46,3420.18
223.0,128.0,2.821,1.1585,2856.98,1643.71,3419.26
225.5,126.0,2.826,1.1543,2874.69,1646.87,3427.44
230.5,134.6,2.848,1.1649,2896.74,1665.1,3456.01
214.5,131.4,2.884,1.1684,2897.52,1671.15,3447.57
204.5,129.0,2.884,1.1691,2914.04,1677.22,3456.13
201.0,127.0,2.86,1.171,2901.13,1672.56,3430.99
199.0,131.0,2.853,1.1665,2901.52,1658.16,3392.9
208.0,128.8,2.853,1.1601,2901.52,1660.14,3394.99
202.5,128.0,2.902,1.1615,2896.72,1645.95,3359.36
196.4,128.2,2.902,1.1587,2888.6,1631.74,3315.62
189.0,128.2,2.879,1.1635,2878.05,1632.42,3295.95
182.0,126.8,2.942,1.162,2871.68,1618.2,3293.36
180.8,126.0,2.937,1.1561,2877.13,1624.25,3309.28
180.8,125.0,2.977,1.1596,2887.89,1620.39,3311.66
181.6,119.0,2.963,1.1596,2888.92,1618.81,3326.6
178.8,119.0,2.963,1.1629,2904.18,1621.85,3333.68
181.8,120.8,2.994,1.1692,2904.98,1634.74,3344.63
175.8,123.8,3.001,1.1629,2888.8,1640.6,3346.11
174.4,121.8,3.048,1.1669,2904.31,1625.45,3358.46
172.8,121.4,3.083,1.168,2907.95,1630.5,3368.56
171.2,122.0,3.078,1.1675,2930.75,1645.84,3403.12
177.0,120.0,3.068,1.1776,2929.67,1662.32,3430.81
175.0,117.4,3.078,1.1751,2919.37,1655.01,3410.44
188.6,120.0,3.102,1.1753,2915.56,1656.71,3419.78
187.6,121.8,3.061,1.1763,2905.97,1658.29,3433.15
195.0,126.0,3.056,1.1749,2914.0,1676.37,3449.79
187.0,123.8,3.056,1.1637,2913.98,1662.36,3399.2
186.4,126.0,3.08,1.1605,2924.59,1667.45,3414.16
182.8,127.0,3.056,1.1578,2923.43,1656.9,3388.99
184.0,127.0,3.161,1.1552,2925.51,1665.14,3405.48
183.2,125.0,3.197,1.1476,2901.61,1648.96,3375.08
173.4,121.6,3.225,1.1518,2885.57,1634.86,3345.51
174.0,118.0,3.233,1.1523,2884.43,1621.19,3309.72
174.0,119.0,3.208,1.1494,2880.34,1624.49,3321.79
172.6,110.0,3.225,1.1507,2785.68,1595.13,3266.9
167.0,107.0,3.133,1.1533,2728.37,1550.41,3209.19
167.6,108.6,3.141,1.159,2767.13,1536.46,3194.41
161.4,111.0,3.163,1.1551,2750.79,1536.1,3210.37
165.6,113.0,3.156,1.1583,2809.92,1554.16,3257.34
165.0,117.0,3.179,1.1575,2809.21,1548.27,3243.08
160.8,119.6,3.175,1.1501,2768.78,1543.87,3211.59
156.0,116.4,3.198,1.146,2767.78,1531.66,3210.82
152.4,117.0,3.196,1.1509,2755.88,1526.05,3190.09
155.0,112.0,3.166,1.1468,2740.69,1508.88,3140.94
154.0,109.8,3.124,1.1473,2656.1,1501.47,3130.33
147.4,108.8,3.136,1.1399,2705.57,1506.02,3164.4
146.4,106.0,3.077,1.1378,2658.69,1485.27,3134.89
151.2,110.2,3.087,1.1399,2641.25,1503.14,3154.93
148.0,108.4,3.11,1.1376,2682.63,1516.0,3147.13
158.8,115.0,3.159,1.1346,2711.74,1538.22,3197.51
162.2,120.0,3.144,1.1317,2740.37,1531.26,3204.21
170.0,122.0,3.214,1.1403,2723.06,1551.39,3214.41
174.2,122.8,3.201,1.1398,2738.31,1539.01,3217.37
165.0,117.2,3.214,1.1413,2755.45,1534.6,3207.42
158.2,119.2,3.213,1.1439,2813.89,1538.69,3246.16
153.2,119.8,3.234,1.1434,2806.83,1536.79,3237.6
155.4,120.0,3.189,1.1368,2781.01,1530.51,3229.49
151.8,118.0,3.186,1.1325,2726.22,1514.59,3194.08
151.4,113.2,3.145,1.1233,2722.18,1520.26,3224.82
147.4,108.6,3.12,1.1311,2701.58,1502.45,3205.36
144.4,110.0,3.118,1.1312,2730.2,1489.79,3190.31
149.6,111.0,3.074,1.1325,2736.27,1499.43,3180.74
151.6,114.2,3.057,1.1414,2690.73,1482.49,3160.33
145.4,108.0,3.048,1.1455,2641.89,1456.85,3116.07
150.0,107.8,3.061,1.1372,2649.93,1478.44,3153.91
143.0,109.0,3.061,1.1388,2649.93,1466.39,3126.67
144.6,107.8,3.061,1.1403,2632.56,1477.35,3137.21
137.2,106.6,3.072,1.1337,2673.45,1498.26,3172.71
134.8,105.2,3.055,1.1333,2682.17,1496.41,3166.42
144.8,104.4,3.044,1.1299,2743.79,1500.45,3168.29
144.8,104.2,3.035,1.1369,2737.8,1515.38,3174.16
150.0,106.4,3.013,1.1393,2760.17,1514.63,3173.13
152.0,112.4,2.992,1.1342,2790.37,1529.78,3214.99
145.8,112.4,2.924,1.1355,2700.06,1506.43,3189.25
151.8,110.8,2.924,1.1343,2700.06,1478.96,3150.27
144.6,106.4,2.876,1.1349,2695.95,1436.66,3045.94
142.6,104.4,2.85,1.1375,2633.08,1454.03,3058.53
135.6,100.2,2.856,1.1401,2637.72,1435.55,3016.99
136.0,102.6,2.879,1.1357,2636.78,1465.29,3055.32
157.6,105.0,2.906,1.1323,2651.07,1494.21,3107.97
153.8,106.0,2.911,1.1373,2650.54,1478.75,3112.17
149.2,103.6,2.891,1.1364,2599.95,1471.67,3092.6
142.6,96.8,2.857,1.1306,2545.94,1451.95,3063.65
136.0,91.8,2.825,1.135,2546.16,1447.79,3040.13
139.6,98.2,2.778,1.1375,2506.96,1450.11,3051.38
139.8,92.6,2.789,1.139,2467.42,1419.01,3000.06
135.0,91.3,2.792,1.1457,2416.62,1408.34,3000.61
127.8,87.4,2.743,1.1361,2488.83,1384.59,2937.36
131.2,90.2,2.736,1.1431,2485.74,1408.74,2986.53
131.0,90.0,2.661,1.1462,2510.03,1405.85,2986.53
130.0,87.6,2.554,1.1318,2447.89,1393.52,2954.66
135.0,91.5,2.659,1.1391,2531.94,1435.29,3041.85
136.8,95.9,2.682,1.141,2549.69,1439.93,3033.64
143.6,101.8,2.716,1.148,2574.41,1457.47,3054.94
153.6,99.3,2.728,1.1456,2584.96,1470.51,3070.24
149.8,100.0,2.731,1.1555,2596.64,1470.69,3075.73
152.4,98.2,2.701,1.151,2596.26,1465.43,3070.04
152.2,95.5,2.71,1.146,2582.61,1458.13,3055.18
143.0,94.5,2.711,1.1473,2610.3,1455.48,3068.05
143.0,96.4,2.731,1.1417,2616.1,1468.85,3077.22
143.4,97.0,2.749,1.1398,2635.96,1473.89,3069.35
144.2,99.8,2.784,1.1393,2670.71,1499.79,3134.92
146.2,100.0,2.784,1.1366,2670.71,1493.76,3125.07
142.8,97.4,2.73,1.1369,2632.9,1486.32,3112.8
141.0,98.1,2.755,1.1364,2638.7,1478.72,3112.13
140.0,97.4,2.712,1.1388,2642.33,1488.4,3126.31
139.6,97.5,2.753,1.1313,2664.76,1501.12,3163.24
141.0,97.8,2.744,1.1413,2643.85,1491.01,3137.27
145.0,98.8,2.712,1.143,2640.0,1502.72,3153.42
144.0,99.2,2.695,1.1435,2681.05,1509.5,3161.74
145.8,104.6,2.635,1.1488,2704.1,1515.42,3159.43
144.0,102.0,2.691,1.145,2706.53,1525.69,3171.12
145.0,99.5,2.724,1.1455,2724.87,1527.19,3165.2
144.8,100.4,2.702,1.1436,2737.7,1542.49,3215.04
142.4,101.6,2.702,1.141,2731.61,1551.15,3212.75
141.6,98.0,2.652,1.1366,2706.05,1529.28,3150.76
139.0,100.2,2.632,1.1339,2707.88,1527.17,3135.62
142.2,100.8,2.661,1.1324,2709.8,1542.33,3165.61
143.4,102.4,2.684,1.1279,2744.73,1549.41,3190.75
151.4,102.0,2.708,1.1335,2753.03,1558.58,3202.37
155.4,99.8,2.657,1.1265,2745.73,1562.36,3182.66
153.0,100.0,2.666,1.1295,2775.6,1583.82,3241.25
153.0,101.4,2.666,1.1298,2775.6,1583.86,3244.79
155.6,101.0,2.647,1.1312,2779.76,1587.22,3239.41
158.6,100.8,2.654,1.1343,2784.7,1588.61,3259.49
159.0,101.4,2.688,1.1346,2774.88,1572.65,3263.7
161.2,109.8,2.655,1.1343,2792.67,1588.83,3270.55
174.0,113.0,2.673,1.1342,2796.11,1586.55,3280.01
178.6,112.0,2.636,1.1368,2793.9,1583.95,3289.32
178.0,117.2,2.693,1.1393,2792.38,1576.55,3282.77
174.0,118.6,2.711,1.138,2784.49,1572.68,3298.26
173.0,116.0,2.755,1.1373,2803.69,1580.22,3312.1
173.0,115.0,2.722,1.1376,2792.81,1587.79,3317.12
174.0,115.0,2.722,1.1337,2789.65,1587.97,3327.19
172.2,113.6,2.692,1.1307,2771.45,1572.63,3324.67
164.6,112.0,2.636,1.1314,2748.93,1558.91,3308.85
166.4,109.2,2.625,1.1198,2743.07,1558.63,3283.6
172.6,111.0,2.643,1.1232,2783.3,1569.93,3304.44
169.2,109.0,2.605,1.1259,2791.52,1565.56,3303.95
174.0,108.6,2.611,1.1287,2810.92,1572.8,3323.45
179.6,107.2,2.63,1.1331,2808.48,1590.76,3342.03
195.0,109.4,2.593,1.1308,2822.48,1595.76,3386.08
193.0,112.0,2.602,1.132,2832.94,1605.01,3387.94
208.0,112.0,2.614,1.1336,2832.57,1615.14,3409.0
208.0,107.8,2.535,1.1355,2824.23,1605.99,3372.38
219.0,107.0,2.537,1.1428,2854.88,1605.03,3367.4
231.0,103.6,2.455,1.1375,2800.71,1576.87,3305.73
222.0,97.6,2.42,1.1296,2798.36,1573.66,3300.48
221.5,103.4,2.414,1.1316,2818.46,1574.16,3319.53
218.0,100.6,2.374,1.1275,2805.37,1565.85,3322.04
215.0,97.8,2.389,1.1252,2815.44,1559.32,3320.29
228.0,101.4,2.414,1.123,2834.4,1553.42,3351.71
226.5,105.95,2.497,1.1224,2867.19,1580.33,3385.38
223.0,105.2,2.481,1.1206,2867.24,1593.95,3395.7
227.0,105.4,2.517,1.1204,2873.4,1622.38,3435.56
226.0,105.4,2.512,1.1247,2879.39,1616.24,3441.93
232.0,110.0,2.501,1.1226,2892.74,1622.27,3447.47
229.0,117.0,2.519,1.122,2895.77,1624.52,3438.06
225.5,118.0,2.499,1.1256,2878.2,1616.56,3417.22
221.0,113.6,2.477,1.1267,2888.21,1628.55,3424.65
222.0,111.8,2.504,1.1277,2888.32,1627.03,3435.34
221.0,114.2,2.56,1.1261,2907.41,1641.21,3447.83
216.0,114.0,2.553,1.1305,2905.58,1642.63,3450.46
218.5,110.4,2.592,1.1305,2907.06,1647.52,3463.36
215.5,108.0,2.592,1.1285,2900.45,1660.14,3477.73
216.0,107.4,2.56,1.1297,2905.03,1670.74,3499.23
218.0,108.2,2.57,1.1259,2933.68,1672.18,3503.85
218.0,107.8,2.522,1.1224,2927.25,1680.72,3502.63
217.0,106.6,2.534,1.1153,2926.17,1689.42,3491.92
220.0,107.0,2.505,1.1137,2939.88,1689.04,3500.41
221.0,109.4,2.536,1.115,2943.03,1693.31,3501.94
223.5,109.2,2.509,1.1185,2945.83,1676.14,3514.62
222.0,113.8,2.552,1.1201,2917.52,1665.45,3488.93
222.0,112.2,2.531,1.1174,2945.64,1672.33,3502.48
223.0,108.0,2.5,1.1186,2932.47,1649.22,3462.95
229.5,106.4,2.448,1.1202,2884.05,1617.85,3401.16
220.0,105.2,2.482,1.1191,2879.42,1623.37,3417.26
221.5,103.0,2.457,1.1198,2870.72,1596.69,3350.71
232.0,104.6,2.455,1.1222,2881.4,1603.37,3361.05
226.5,104.0,2.405,1.1236,2811.87,1573.84,3320.78
231.0,102.0,2.419,1.1233,2834.41,1590.82,3364.38
230.5,98.0,2.379,1.1204,2850.96,1593.32,3385.78
247.0,98.5,2.405,1.1207,2876.32,1615.38,3438.56
251.0,100.4,2.393,1.1174,2859.53,1606.86,3425.64
243.5,99.8,2.416,1.1165,2840.23,1588.9,3369.78
239.5,101.4,2.426,1.1169,2864.36,1602.91,3386.51
241.0,102.0,2.393,1.1169,2856.27,1595.64,3386.72
232.0,100.0,2.296,1.1155,2822.24,1561.17,3327.2
232.0,100.2,2.324,1.1185,2826.06,1571.52,3350.7
232.5,100.6,2.324,1.121,2826.06,1568.23,3364.04
238.5,101.6,2.268,1.1194,2802.39,1565.12,3348.86
228.0,99.6,2.236,1.1171,2783.02,1538.75,3297.81
235.0,99.6,2.142,1.1131,2752.06,1510.46,3280.43
232.0,97.9,2.081,1.1174,2744.45,1518.23,3300.22
247.0,102.0,2.119,1.1246,2803.27,1537.31,3333.49
257.0,101.4,2.123,1.1254,2826.15,1542.0,3339.95
264.5,101.4,2.084,1.1277,2873.34,1566.14,3378.38
262.5,100.6,2.14,1.1318,2885.72,1593.36,3401.1
259.0,100.4,2.127,1.133,2879.84,1593.6,3386.63
254.0,99.5,2.091,1.1296,2891.64,1598.12,3390.5
251.5,98.0,2.093,1.128,2886.98,1589.6,3379.19
247.0,106.0,2.06,1.1225,2917.75,1609.43,3452.89
246.0,105.2,2.029,1.1198,2926.46,1612.4,3454.7
252.5,104.4,2.001,1.1238,2954.18,1628.29,3468.08
252.0,103.2,2.021,1.1385,2945.35,1610.94,3455.57
244.0,101.4,1.994,1.14,2917.38,1607.29,3444.36
242.0,101.0,2.049,1.137,2913.78,1604.23,3442.95
238.0,101.2,2.005,1.1375,2924.92,1616.94,3442.38
240.0,108.0,2.0,1.1373,2941.76,1622.43,3473.69
238.5,106.0,2.034,1.1365,2964.33,1642.0,3497.59
238.0,106.4,1.976,1.1287,2973.01,1647.02,3507.98
237.0,106.8,1.976,1.1293,2995.82,1648.84,3540.63
243.0,106.8,1.976,1.1288,2995.82,1652.25,3544.15
238.0,111.6,2.048,1.1286,2990.41,1634.94,3527.98
238.5,111.4,2.034,1.1227,2975.95,1642.07,3523.76
236.0,110.2,2.054,1.1216,2979.63,1630.88,3509.75
234.0,111.2,2.061,1.1208,2993.07,1622.45,3501.52
243.5,109.2,2.12,1.1259,2999.91,1613.21,3496.73
245.5,111.0,2.106,1.1252,3013.77,1625.62,3497.63
245.0,109.0,2.092,1.1272,3014.3,1632.91,3502.22
240.5,109.8,2.122,1.1262,3004.04,1630.57,3521.36
237.0,106.6,2.061,1.1212,2984.42,1598.06,3501.58
236.0,104.6,2.038,1.123,2995.11,1577.41,3482.83
238.5,103.4,2.048,1.1262,2976.61,1605.42,3480.18
240.0,103.6,2.043,1.1218,2985.03,1600.88,3489.92
238.5,112.4,2.074,1.1206,3005.47,1624.77,3532.87
233.5,113.4,2.05,1.1151,3019.56,1613.06,3532.9
233.0,111.6,2.074,1.1142,3003.67,1607.2,3510.15
231.0,108.8,2.081,1.1146,3025.86,1610.64,3524.47
231.0,108.6,2.055,1.1132,3020.97,1614.3,3523.58
228.0,111.0,2.061,1.1143,3013.18,1600.26,3462.85
231.0,109.2,2.021,1.1158,2980.38,1599.78,3466.85
231.0,110.2,1.894,1.1072,2953.56,1612.91,3466.85
226.0,107.6,1.855,1.1079,2932.05,1568.7,3376.12
211.0,110.0,1.739,1.1244,2881.77,1523.03,3291.66
218.0,109.8,1.684,1.1207,2883.98,1528.19,3309.99
234.5,110.2,1.716,1.1204,2938.09,1550.62,3375.38
228.0,110.0,1.734,1.1187,2918.65,1531.52,3333.74
232.0,112.8,1.639,1.1208,2882.7,1533.06,3326.55
236.5,111.0,1.68,1.1218,2926.32,1543.36,3357.16
243.0,107.8,1.581,1.1177,2840.6,1500.06,3288.7
250.0,102.8,1.529,1.1143,2847.6,1495.71,3282.78
269.5,104.2,1.539,1.1114,2888.68,1519.41,3329.08
279.5,109.4,1.598,1.1094,2923.65,1538.97,3369.19
273.5,108.0,1.561,1.1083,2900.51,1534.34,3350.23
293.0,110.8,1.577,1.1098,2924.43,1543.47,3394.89
292.5,111.8,1.61,1.1091,2922.95,1535.51,3373.67
292.0,112.4,1.528,1.1084,2847.11,1522.85,3334.25
294.0,111.4,1.545,1.1143,2878.38,1520.85,3348.84
291.0,113.0,1.49,1.1104,2869.16,1530.81,3370.47
286.0,110.4,1.466,1.109,2887.94,1529.13,3365.38
288.0,108.8,1.516,1.1086,2924.58,1558.74,3411.33
281.0,110.4,1.506,1.1062,2926.46,1576.98,3426.76
281.0,107.4,1.506,1.0992,2926.46,1570.19,3432.54
280.5,108.4,1.466,1.0969,2906.27,1568.66,3420.74
293.0,108.2,1.459,1.0975,2937.78,1581.28,3450.83
295.0,106.2,1.565,1.1035,2976.0,1597.34,3484.7
302.0,107.2,1.55,1.1036,2978.71,1601.95,3495.19
290.0,108.2,1.622,1.1021,2978.43,1610.7,3495.02
284.0,108.6,1.702,1.1048,2979.39,1624.98,3498.99
279.0,109.0,1.733,1.105,3000.93,1637.62,3516.82
239.5,109.0,1.791,1.1013,3009.57,1651.45,3538.86
241.0,109.8,1.903,1.1058,3007.39,1665.35,3550.11
245.0,109.0,1.841,1.1083,2997.96,1655.01,3518.45
246.5,107.4,1.812,1.1006,3005.7,1649.33,3521.26
250.5,108.4,1.786,1.1075,3006.73,1655.11,3528.04
252.0,107.2,1.774,1.1031,3006.79,1664.64,3552.65
254.0,107.2,1.755,1.1049,2992.07,1666.89,3571.39
253.5,106.0,1.708,1.1019,2991.78,1637.66,3536.97
250.5,108.4,1.635,1.0994,2966.6,1633.09,3532.05
250.5,105.2,1.732,1.1017,2984.87,1620.67,3513.03
247.5,104.8,1.685,1.0953,2977.62,1631.61,3532.18
254.0,104.6,1.675,1.0923,2961.79,1646.6,3545.88
259.0,107.0,1.675,1.0943,2976.74,1647.67,3569.45
257.5,106.2,1.644,1.09,2940.25,1635.64,3518.25
251.0,105.2,1.596,1.0935,2887.61,1593.32,3413.31
249.5,104.0,1.536,1.0964,2910.63,1588.41,3417.37
243.5,108.0,1.515,1.0975,2952.01,1593.98,3446.71
247.0,113.0,1.553,1.0987,2938.79,1617.99,3471.24
247.0,113.8,1.537,1.0972,2893.06,1605.69,3432.76
250.5,115.6,1.589,1.096,2919.4,1620.0,3462.11
256.5,117.8,1.658,1.0988,2938.13,1630.03,3493.96
259.5,120.8,1.752,1.1011,2970.27,1653.28,3569.92
257.0,126.4,1.733,1.103,2966.15,1652.58,3556.26
258.0,123.0,1.771,1.1029,2995.68,1670.21,3598.65
255.5,125.0,1.748,1.1035,2989.69,1677.19,3599.25
258.0,124.4,1.757,1.1075,2997.95,1682.87,3588.62
257.0,125.0,1.747,1.1127,2986.2,1697.91,3579.41
259.5,121.0,1.792,1.1156,3006.72,1724.36,3600.08
260.0,121.4,1.768,1.1152,2995.99,1728.22,3604.82
262.0,121.8,1.759,1.1129,3004.52,1725.87,3606.89
266.0,121.2,1.766,1.1132,3010.29,1736.98,3621.37
267.0,120.2,1.801,1.1104,3022.55,1747.3,3624.68
272.5,115.2,1.853,1.1084,3039.42,1760.31,3625.69
264.0,112.4,1.835,1.1099,3036.89,1742.32,3622.09
257.0,111.6,1.798,1.1115,3046.77,1746.81,3620.29
247.5,112.2,1.691,1.1154,3037.56,1733.68,3604.41
253.0,112.6,1.728,1.1157,3066.91,1737.51,3623.74
261.5,115.0,1.786,1.1167,3078.27,1771.03,3665.21
256.0,116.0,1.866,1.1129,3074.62,1769.53,3676.52
261.5,115.6,1.814,1.1074,3076.78,1762.79,3688.74
267.0,116.8,1.926,1.107,3085.18,1763.81,3706.68
278.0,118.0,1.933,1.102,3093.08,1772.56,3699.65
288.0,121.6,1.943,1.1022,3087.01,1763.5,3696.82
291.0,117.0,1.909,1.1035,3091.84,1774.72,3712.2
286.5,114.6,1.87,1.1012,3094.04,1766.6,3699.5
284.5,115.0,1.815,1.1013,3096.63,1757.42,3688.81
285.5,116.6,1.834,1.102,3120.46,1756.86,3711.61
289.0,116.0,1.808,1.1055,3122.03,1745.17,3704.92
289.5,114.6,1.786,1.1072,3120.18,1743.25,3696.56
293.0,114.4,1.738,1.108,3108.46,1729.06,3683.88
294.5,114.0,1.772,1.1079,3103.54,1720.11,3679.66
294.0,113.4,1.774,1.1066,3110.29,1724.19,3687.32
294.5,115.0,1.764,1.1023,3133.64,1742.04,3707.68
297.5,119.0,1.74,1.1014,3140.52,1740.99,3705.55
334.0,118.0,1.767,1.1023,3153.63,1737.8,3712.85
342.0,118.2,1.767,1.1005,3153.63,1735.3,3704.48
343.5,118.4,1.767,1.1012,3140.98,1730.25,3703.58
349.5,119.0,1.836,1.1019,3113.87,1706.82,3626.66
356.5,115.4,1.709,1.1079,3093.2,1697.68,3610.99
363.0,116.0,1.781,1.1085,3112.76,1725.6,3660.02
359.5,115.8,1.797,1.1083,3117.43,1723.63,3648.13
353.0,115.0,1.842,1.1105,3145.91,1742.61,3692.34
352.0,114.0,1.829,1.1059,3135.96,1743.31,3672.18
353.5,112.2,1.833,1.1065,3132.52,1735.51,3671.78
358.0,111.0,1.79,1.1093,3141.63,1741.62,3687.45
364.5,110.6,1.897,1.1136,3168.57,1758.24,3706.35
359.5,114.4,1.819,1.1186,3168.8,1770.12,3731.07
361.5,114.0,1.892,1.1124,3191.45,1787.66,3772.74
361.5,114.4,1.889,1.1137,3192.52,1791.93,3745.28
360.0,116.6,1.924,1.1151,3191.14,1787.96,3739.0
357.0,116.4,1.908,1.1116,3205.37,1783.29,3739.17
363.0,124.8,1.917,1.1126,3221.22,1794.8,3776.56
369.0,132.6,1.935,1.108,3224.01,1795.66,3776.66
366.5,141.2,1.874,1.1101,3240.02,1798.04,3782.27
367.5,143.2,1.895,1.1182,3221.29,1771.85,3748.47
365.5,151.2,1.882,1.1221,3257.85,1808.63,3748.47
366.0,155.4,1.788,1.1171,3234.85,1785.23,3773.37
365.5,146.0,1.827,1.1198,3237.18,1796.85,3759.25
359.0,149.0,1.874,1.1155,3253.05,1795.41,3772.56
375.0,160.0,1.858,1.1113,3274.7,1796.74,3795.88
366.5,167.6,1.825,1.1111,3265.35,1784.97,3789.52
372.0,161.4,1.848,1.1117,3288.13,1790.51,3779.68
367.5,164.2,1.818,1.1136,3283.15,1792.9,3774.88
367.0,180.0,1.788,1.1131,3289.29,1787.29,3768.96
367.5,187.0,1.809,1.1154,3316.81,1812.3,3774.14
374.5,180.0,1.836,1.114,3329.62,1825.94,3808.26
393.0,178.0,1.836,1.1095,3329.62,1821.29,3799.03
381.0,172.2,1.769,1.1097,3320.79,1825.62,3789.12
438.5,177.2,1.769,1.1086,3321.75,1811.76,3769.79
423.5,172.2,1.74,1.1096,3325.54,1795.43,3736.85
439.0,170.0,1.681,1.1055,3295.47,1812.85,3779.16
425.0,163.2,1.605,1.1025,3243.63,1771.48,3677.84
457.0,169.6,1.641,1.102,3276.24,1786.35,3719.22
453.5,172.4,1.594,1.1023,3273.4,1791.67,3736.36
460.0,172.8,1.558,1.1017,3283.66,1787.96,3690.78
465.0,172.0,1.52,1.1029,3225.52,1783.26,3640.91
472.0,172.6,1.52,1.109,3248.92,1782.91,3661.27
475.0,168.2,1.603,1.1063,3297.59,1821.04,3732.28
467.0,167.6,1.649,1.1047,3334.69,1847.35,3777.84
461.5,168.2,1.644,1.1002,3345.78,1851.95,3805.52
460.0,162.6,1.578,1.0983,3327.71,1849.86,3798.49
457.5,167.4,1.547,1.0949,3352.09,1858.0,3793.18
459.5,168.0,1.59,1.0913,3357.75,1884.13,3825.84
473.0,166.0,1.63,1.0919,3379.45,1889.75,3854.43
472.5,171.8,1.617,1.0876,3373.94,1883.02,3846.74
464.5,169.4,1.588,1.0846,3380.16,1885.62,3840.97
468.0,170.0,1.588,1.0842,3380.16,1888.35,3853.27
470.0,168.4,1.556,1.084,3370.29,1878.79,3836.54
491.0,169.4,1.57,1.0795,3386.15,1900.28,3865.18
482.5,162.6,1.525,1.081,3373.23,1898.93,3822.98
477.5,156.8,1.471,1.0788,3337.75,1879.1,3800.38
449.0,145.0,1.377,1.0839,3225.89,1798.2,3647.98
435.0,144.0,1.33,1.0849,3128.21,1769.14,3572.51
452.5,143.0,1.31,1.0882,3116.39,1782.1,3577.68
431.0,135.0,1.299,1.0886,2978.76,1721.59,3455.92
421.5,132.4,1.127,1.0997,2954.22,1668.84,3329.49
423.5,132.6,1.088,1.1051,3090.23,1679.13,3338.83
446.0,133.4,1.01,1.1144,3003.37,1694.56,3371.97
460.0,133.4,0.992,1.1181,3130.12,1704.2,3420.56
452.0,140.2,0.926,1.1139,3023.94,1683.19,3363.58
439.5,142.0,0.706,1.1224,2972.37,1629.0,3232.07
418.5,138.4,0.499,1.1386,2746.56,1542.44,2959.07
416.5,133.2,0.748,1.1398,2882.23,1533.79,2910.02
399.5,128.2,0.82,1.1317,2741.38,1511.96,2905.56
350.0,116.2,0.849,1.1262,2480.64,1352.13,2545.23
368.0,122.8,0.951,1.1185,2711.02,1376.46,2586.02
355.0,111.6,0.728,1.1155,2386.13,1329.16,2450.37
375.5,114.0,0.997,1.1163,2529.19,1372.79,2530.5
365.0,117.6,1.266,1.1016,2398.1,1337.24,2385.82
380.0,122.8,1.119,1.0962,2409.39,1380.58,2454.08
368.0,119.4,0.938,1.0657,2304.92,1355.54,2548.5
380.0,117.0,0.764,1.0694,2237.4,1292.27,2485.54
395.0,124.0,0.816,1.0765,2447.33,1383.88,2715.11
406.0,125.8,0.858,1.0803,2475.56,1446.56,2800.14
405.0,129.0,0.811,1.089,2630.07,1470.89,2847.78
402.5,127.6,0.749,1.1048,2541.47,1419.29,2728.65
420.0,137.2,0.67,1.1139,2626.65,1449.2,2765.62
443.0,145.0,0.698,1.103,2584.59,1482.43,2786.9
440.5,144.0,0.635,1.1027,2470.5,1425.99,2680.3
432.0,143.2,0.627,1.0954,2526.9,1427.19,2688.49
448.0,147.0,0.587,1.0847,2488.65,1404.59,2662.99
464.0,164.8,0.676,1.0807,2663.68,1461.23,2795.97
460.0,153.4,0.736,1.0804,2659.41,1510.85,2857.67
473.5,167.4,0.764,1.0895,2749.98,1499.51,2851.27
492.0,171.8,0.729,1.0864,2789.82,1498.76,2892.79
499.0,176.2,0.752,1.0923,2846.06,1535.84,2917.74
510.0,172.0,0.638,1.0985,2783.36,1480.6,2808.2
518.0,171.4,0.609,1.0905,2799.55,1483.79,2812.35
540.0,185.6,0.654,1.0858,2874.56,1534.55,2888.3
560.0,184.2,0.626,1.0867,2823.16,1541.17,2909.5
553.0,189.8,0.571,1.0865,2736.56,1493.45,2791.34
550.0,192.8,0.619,1.0856,2799.31,1527.63,2834.9
556.0,197.0,0.613,1.081,2797.8,1541.89,2852.46
578.0,195.6,0.596,1.0777,2836.74,1514.13,2809.07
592.0,188.2,0.656,1.0824,2878.48,1539.51,2882.09
584.0,183.8,0.61,1.0825,2863.39,1568.5,2932.06
591.0,186.0,0.627,1.0837,2939.51,1600.86,2996.08
585.0,183.2,0.622,1.0877,2912.43,1577.92,2927.93
582.0,177.8,0.637,1.096,2842.74,1505.21,2816.48
609.0,184.8,0.657,1.0904,2868.44,1538.18,2875.91
605.0,178.4,0.711,1.0839,2848.42,1521.4,2843.76
641.0,186.0,0.631,1.0799,2881.19,1537.74,2880.6
627.0,193.2,0.682,1.0837,2929.8,1563.19,2908.11
630.0,205.0,0.726,1.084,2930.19,1556.49,2883.75
659.0,198.8,0.678,1.0809,2870.12,1570.03,2884.2
658.0,197.0,0.649,1.0847,2820.0,1522.64,2810.55
664.0,189.0,0.619,1.0824,2852.5,1476.52,2760.23
686.0,178.0,0.64,1.0807,2863.7,1493.62,2770.7
690.0,188.0,0.744,1.0821,2953.91,1566.16,2911.88
714.0,191.4,0.711,1.0915,2922.94,1560.28,2902.58
698.0,200.5,0.68,1.0928,2971.61,1556.44,2942.39
699.0,203.0,0.657,1.0953,2955.45,1555.49,2905.47
729.0,200.0,0.657,1.0908,2955.45,1588.6,2971.35
700.0,198.8,0.698,1.0903,2991.77,1606.65,2999.22
659.0,193.0,0.68,1.0982,3036.13,1623.39,3051.08
645.0,194.2,0.705,1.1017,3029.73,1657.58,3094.47
690.0,196.4,0.648,1.1079,3044.31,1629.76,3050.2
692.0,195.0,0.662,1.1119,3055.73,1649.38,3050.2
692.0,197.0,0.68,1.1126,3080.82,1666.98,3159.02
692.0,198.6,0.761,1.1189,3122.87,1709.96,3269.59
683.0,197.8,0.82,1.1236,3112.35,1700.48,3261.67
662.0,192.0,0.904,1.1338,3193.93,1730.51,3384.29
660.0,187.0,0.884,1.132,3232.39,1717.66,3366.29
665.0,189.8,0.829,1.1306,3207.18,1696.7,3320.71
690.0,185.8,0.748,1.1332,3190.14,1692.32,3293.71
702.0,185.0,0.653,1.1365,3002.1,1609.06,3144.57
740.0,185.2,0.699,1.1288,3041.31,1609.07,3153.74
765.0,191.0,0.702,1.1252,3066.59,1616.14,3136.4
781.0,191.0,0.756,1.1338,3124.74,1671.84,3242.65
844.0,191.6,0.733,1.1266,3113.49,1677.53,3267.26
805.0,191.4,0.694,1.1243,3115.34,1667.93,3249.9
808.0,187.0,0.704,1.1178,3117.86,1657.71,3241.69
810.0,191.4,0.709,1.128,3131.29,1683.36,3298.83
813.0,186.4,0.684,1.1312,3050.33,1642.91,3196.12
815.0,185.8,0.674,1.1251,3083.76,1660.96,3218.91
835.0,188.8,0.636,1.1222,3009.05,1657.66,3204.17
810.0,189.0,0.636,1.1226,3053.24,1671.53,3232.02
834.0,191.4,0.645,1.124,3077.24,1664.38,3234.07
